,timestamp,x,y
0,1699277134.2822976,1809.2727272727273,116.67857142857143
1,1699277134.4246693,1712.3863636363637,212.98660714285714
2,1699277134.4449797,1624.8835227272727,298.2204241071429
3,1699277134.4675796,1549.954900568182,369.9071568080358
4,1699277134.48587,1482.210537997159,436.00804792131703
5,1699277134.5047956,1436.5705843838778,483.7213276454381
6,1699277134.52519,1400.9992613358932,524.5061616897583
7,1699277134.5455935,1379.1470809416337,554.4071771928243
8,1699277134.5721185,1368.208241278475,574.7848514722926
9,1699277134.6059458,1366.2731202095747,590.686745038256
10,1699277134.647555,1369.4889801833779,607.0116161941884
11,1699277134.6817362,1381.5755849331829,621.778021312772
12,1699277134.7046337,1391.0604549983532,626.0200543629612
13,1699277134.737885,1406.9960799417408,629.7318332818768
14,1699277134.7781203,1422.030660858114,639.2474969787851
15,1699277134.8028808,1436.8222827963045,645.6451312850083
16,1699277134.8471391,1454.6740429013119,654.1359184458108
17,1699277134.8804395,1479.5670602659206,658.1903572115131
18,1699277134.9140687,1508.9848140963168,663.6665625600739
19,1699277134.9475656,1539.08898506155,673.2796708114932
20,1699277134.9819412,1571.9755892015835,696.1554262457709
21,1699277135.003093,1601.2968223695675,715.6895693936209
22,1699277135.0382624,1628.0438104824625,736.6390875051326
23,1699277135.0732257,1655.2656068994274,752.0770587098482
24,1699277135.1110902,1679.0846787642718,759.3174263711171
25,1699277135.147142,1699.3809121005559,768.5456052175846
26,1699277135.1800458,1716.0492071788954,776.6202617082437
27,1699277135.2039435,1727.3612380997154,780.7927289947132
28,1699277135.2452366,1733.9865378827055,786.8543521560883
29,1699277135.2794461,1732.1473115564581,801.8011295651487
30,1699277135.3153868,1722.9016248846283,818.2545597980766
31,1699277135.348155,1701.7207399558679,829.7584541090313
32,1699277135.3817503,1671.1874656432026,842.7172187739739
33,1699277135.4116058,1628.107214255984,850.6811378557985
34,1699277135.437765,1559.3210852012587,861.9888527666808
35,1699277135.4693635,1470.769585914738,879.5973890279886
36,1699277135.502907,1369.287024039032,902.2370011137757
37,1699277135.5446694,1261.3988733068802,924.4573759745538
38,1699277135.5734048,1151.1785595980657,943.9002039777346
39,1699277135.611308,1048.1903305573983,960.9126784805178
40,1699277135.638792,954.8029028740873,975.7985936704531
41,1699277135.6739304,879.0889036511901,988.8237694616464
42,1699277135.7010403,809.5664270584277,1000.2207982789406
43,1699277135.7408793,754.7342600397606,1010.193198494073
44,1699277135.779403,705.1197502620632,1018.9190486823139
45,1699277135.81355,662.7979632974871,1026.5541675970246
46,1699277135.8375473,626.3118542489376,1033.2348966473965
47,1699277135.8727846,599.8410542860022,1039.080534566472
48,1699277135.9116628,580.4972861366155,1044.1954677456629
49,1699277135.9478874,567.9351253695386,1048.671034277455
50,1699277135.982648,569.4886892438008,1052.587154992773
51,1699277136.0163963,570.8480576337802,1056.0137606186765
52,1699277136.039965,578.0375049750123,1057.5656119699133
53,1699277136.0713005,595.2373623076812,1041.0841961879598
54,1699277136.1115353,618.4690556555847,1012.1986716644649
55,1699277136.1376686,646.4331509713638,975.8345519921211
56,1699277136.1767304,671.9926434635797,929.0695187073917
57,1699277136.202308,692.720835757905,878.9894002975392
58,1699277136.2430959,711.4034585608943,823.5978681174896
59,1699277136.2715702,723.3871171498733,770.3088488885177
60,1699277136.3114,726.7819093243211,721.7523856345958
61,1699277136.3459988,719.9341706587809,684.0869088588428
62,1699277136.3709025,705.7605811446151,656.9153309657731
63,1699277136.4116387,681.3586903197202,638.4437717379086
64,1699277136.4476283,646.916126757028,621.3168716992415
65,1699277136.4699495,609.1425200033086,608.2594055939792
66,1699277136.508583,566.8178868210769,594.9055513233033
67,1699277136.5459085,530.8747418775331,582.2566431221761
68,1699277136.5712123,493.4244900519325,568.2959913033327
69,1699277136.6115658,466.1100651590773,559.4554209618447
70,1699277136.647175,444.9372161051017,554.6127790558998
71,1699277136.6701806,431.8655186374185,553.2683245310551
72,1699277136.7015092,423.700510625923,556.9133553932446
73,1699277136.7413614,425.28340134313726,561.5491859690891
74,1699277136.7694106,434.85024890251793,564.6412520086673
75,1699277136.8052506,448.67578597152146,561.078952650441
76,1699277136.847394,474.409494543263,553.1405121405644
77,1699277136.8709064,502.38103499808244,539.9265195515653
78,1699277136.9051528,535.0379510778675,515.346418893334
79,1699277136.9369843,571.7945708294978,489.01740224595295
80,1699277136.9752452,606.1384312939924,460.19379839378024
81,1699277137.0117555,646.5529455640615,428.705287880272
82,1699277137.0474958,690.0974637321901,395.367126895238
83,1699277137.0802953,744.0170989474846,366.19623603333326
84,1699277137.113664,802.105870669958,338.26099224345234
85,1699277137.147293,875.2971822907587,307.54979678444937
86,1699277137.1757016,952.9759435953229,275.8560721863932
87,1699277137.2027218,1037.3084961004529,247.1597774488083
88,1699277137.2381077,1129.6449340878962,216.2648052677073
89,1699277137.2783954,1224.6211355087275,189.23170460924388
90,1699277137.3119082,1311.5434935701364,165.57774153308839
91,1699277137.3478694,1387.6005568738694,144.88052384145234
92,1699277137.3801606,1454.1504872646358,126.7704583612708
93,1699277137.4026823,1512.3816763565565,110.92415106611195
94,1699277137.4475791,1563.3339668119868,97.05863218284796
95,1699277137.4802775,1607.9172209604885,84.92630315999196
96,1699277137.5013642,1646.9275683404273,74.31051526499297
97,1699277137.5515382,1681.061622297874,65.02170085686885
98,1699277137.5711155,1710.9289195106396,56.89398824976024
99,1699277137.6016426,1737.0628045718097,49.78223971854021
100,1699277137.647257,1759.9299540003335,47.41660261086554
101,1699277137.681423,1779.9387097502918,48.72167014165021
102,1699277137.711583,1797.4463710315054,48.41717565965822
103,1699277137.7445617,1812.7655746525672,52.007885845058084
104,1699277137.7813106,1826.1698778209964,57.56047154299725
105,1699277137.8146913,1837.8986430933717,63.383269742979735
106,1699277137.8496811,1848.1613127067003,66.06750388225012
107,1699277137.8718114,1857.1411486183626,66.48763732554029
108,1699277137.9040449,1864.9985050410673,70.23025408841919
109,1699277137.9478462,1871.873691910934,77.36218661308108
110,1699277137.9824636,1877.8894804220672,80.70977042930309
111,1699277138.012039,1883.1532953693088,87.49604912564021
112,1699277138.0397506,1887.7591334481451,94.88047155636376
113,1699277138.0792944,1891.7892417671271,103.75255546896115
114,1699277138.1147132,1895.315586546236,114.89062889248386
115,1699277138.1482313,1898.4011382279566,132.35072885235195
116,1699277138.1833935,1901.100995949462,149.0747448886651
117,1699277138.2163093,1896.3724623648702,171.90468749186766
118,1699277138.2378075,1873.1440863874432,200.55945869824134
119,1699277138.270743,1838.091984679922,231.90024064667546
120,1699277138.305023,1793.7850320494772,264.1448534229839
121,1699277138.3474283,1732.6528121342017,298.6267467451109
122,1699277138.3807178,1666.0712106174265,333.6198319734006
123,1699277138.414332,1594.1759456538844,369.5423529767255
124,1699277138.4387567,1520.3584979016944,404.83170171177767
125,1699277138.4732645,1448.1318674821644,437.1563104263769
126,1699277138.511677,1376.206293137803,466.88677162307977
127,1699277138.5476902,1308.362324677396,494.34735374162335
128,1699277138.5722563,1243.544306819994,515.4825059524919
129,1699277138.6035295,1177.0103593765857,533.9757641370019
130,1699277138.645995,1110.0658826363306,549.1930793341623
131,1699277138.6744106,1046.5803745795165,560.0975158459635
132,1699277138.7019234,981.2123732116225,566.7460406509323
133,1699277138.7477152,918.0153720147152,572.56349985528
134,1699277138.7811482,857.8089050583303,576.6894909447986
135,1699277138.8144119,803.4918828351299,579.3354474338416
136,1699277138.8485165,748.8735792989205,580.2042307903257
137,1699277138.8698483,698.9007455229191,584.8215590843921
138,1699277138.9064128,656.2654250598271,588.8617213417002
139,1699277138.9477286,615.6867923818941,595.7718633168448
140,1699277138.980481,580.7259433341574,601.8182375450964
141,1699277139.0119996,550.1352004173878,608.0731007091022
142,1699277139.0406098,522.2773912743053,609.6889631204645
143,1699277139.069208,498.44726281956264,614.9599855875492
144,1699277139.104877,479.23226405802643,619.5721302462484
145,1699277139.147685,461.3282310507732,621.6791853940388
146,1699277139.1809607,450.57129307851756,620.6300015054982
147,1699277139.203027,437.8862450800666,624.0512513173109
148,1699277139.2478704,430.0595553541493,623.1877020455041
149,1699277139.281939,422.1202927530626,620.021382146959
150,1699277139.315924,414.62798343165696,619.1794236643034
151,1699277139.3491423,408.07221277542703,617.9605671348369
152,1699277139.3806057,400.6995498148624,616.4119248144109
153,1699277139.4015183,398.06665154255006,612.6461484983238
154,1699277139.4388144,396.8537746451859,609.8332370788904
155,1699277139.4795117,394.1561437236287,606.8897967297435
156,1699277139.5149453,392.8866257581751,606.7250007099541
157,1699277139.548494,388.5030702656759,606.0986613354955
158,1699277139.5728123,391.75836830064827,606.5149000971301
159,1699277139.601554,392.4249358994309,606.8791090135602
160,1699277139.644814,392.46272800291126,610.5727918154366
161,1699277139.6802688,391.9503415480019,613.3226214099357
162,1699277139.7042322,392.5929124908653,614.2822937336937
163,1699277139.739737,396.4278893385981,615.6041498741248
164,1699277139.7811987,398.1471304440006,617.2429168541449
165,1699277139.806112,401.28783004759134,621.5696951045197
166,1699277139.8401928,407.8541240189152,620.0520546450261
167,1699277139.8793633,409.23599488018726,617.2776906715408
168,1699277139.907553,410.4451318838003,613.4036936233125
169,1699277139.9474347,410.41221767105253,613.3889462061127
170,1699277139.9806116,411.47432682580734,611.4474707874915
171,1699277140.0137951,412.4036723362178,608.3022512247694
172,1699277140.0480235,413.21684965782697,605.5501841073875
173,1699277140.0814006,416.6556525415076,601.6956968082497
174,1699277140.1149497,415.30096870109196,599.7694489929328
175,1699277140.1377575,415.20652943163736,597.1196964402448
176,1699277140.1797297,412.39662234359184,594.3190200994999
177,1699277140.2135355,411.5743172779157,591.8684283013481
178,1699277140.2396162,409.7638912545399,590.688446192251
179,1699277140.2780592,407.6343139386315,589.6559618467911
180,1699277140.3119912,408.49820651448454,586.8239666159423
181,1699277140.3478863,407.07229433653765,586.2745422175209
182,1699277140.381879,407.46098481719764,584.3473672974736
183,1699277140.41588,408.8919980786843,583.1432320995751
184,1699277140.444571,409.05322559157594,580.1610423728425
185,1699277140.4692848,407.5579360289926,580.4444835048087
186,1699277140.505362,408.4313758435503,580.2103516381361
187,1699277140.545652,408.1047265903792,578.5590576833691
188,1699277140.5705144,410.0007266756727,579.5248897586623
189,1699277140.612214,408.9324540230318,580.3699928245438
190,1699277140.6476402,406.36135181560735,581.1094580071901
191,1699277140.6695895,403.56618283865646,580.7922043277199
192,1699277140.7016902,403.30222816564265,582.443178786755
193,1699277140.7415762,400.34399509948275,582.441352866982
194,1699277140.7703903,400.48281389386557,583.4040409014664
195,1699277140.8107371,402.78609852076875,584.7285357887831
196,1699277140.847489,404.2560180238545,585.8874688151852
197,1699277140.870445,402.8149248617817,586.901535213287
198,1699277140.9012706,404.28124107224085,589.2352718830548
199,1699277140.9425237,403.38244957457437,591.2772914691016
200,1699277140.9798818,405.3232797413889,590.6533443211781
201,1699277141.0120068,408.6578697737152,592.5181048524594
202,1699277141.0476859,413.21199968836436,590.2926274601876
203,1699277141.0757296,418.2877724545915,589.3096204562356
204,1699277141.1033697,427.6381645341312,586.5209178992062
205,1699277141.1383097,435.8197576037285,581.1879460189483
206,1699277141.1722615,444.6150151759898,577.0037384808655
207,1699277141.205278,452.3108655517183,573.8246997421859
208,1699277141.2372687,461.2265528122989,567.6680408458412
209,1699277141.2735708,470.66414280167055,562.2809643115396
210,1699277141.3025525,481.64930676964354,556.1208437725971
211,1699277141.3473034,489.6249616052562,549.2843097295939
212,1699277141.380822,498.240023222781,541.8559138705375
213,1699277141.4030657,504.68729304720614,535.3560674938632
214,1699277141.4394314,509.7831995981235,528.2222733428446
215,1699277141.4799228,513.6966632847216,521.9802034607033
216,1699277141.507198,514.9391258286769,517.0005351709725
217,1699277141.5475788,514.3899169182741,512.1611825603152
218,1699277141.58155,513.9093591216717,508.4088918831329
219,1699277141.605695,513.4888710496446,507.05420896916985
220,1699277141.647755,510.93912580480264,506.8331471337379
221,1699277141.6727266,505.9808259882932,505.1932894563064
222,1699277141.7039955,500.00595001248394,507.6155568456967
223,1699277141.738027,492.5961153518326,509.25289795427034
224,1699277141.7776341,484.476146387399,513.5784285671294
225,1699277141.8147259,475.734809907156,515.4346964248097
226,1699277141.838228,466.4497768505796,519.951787943137
227,1699277141.8727152,457.77991838062076,526.3149573073878
228,1699277141.912308,447.466519492134,532.8470162153928
229,1699277141.937762,437.8968409192537,539.0447106170402
230,1699277141.9773042,430.06882671343783,544.9498360756245
231,1699277142.011571,420.4920415560764,549.6346779947429
232,1699277142.0377789,412.6578090888397,555.6624861025429
233,1699277142.079549,405.8028556800075,565.2761039111535
234,1699277142.1136503,401.44113508364285,578.9915909222593
235,1699277142.1480038,398.7155386527329,599.1890706284055
236,1699277142.1803868,400.69427813932316,626.0225796569977
237,1699277142.213493,408.9711297355441,661.0733286284444
238,1699277142.2419524,419.4861021549648,701.8677339784603
239,1699277142.2708626,434.6867030219578,749.1342672311528
240,1699277142.31187,446.8963196896675,790.4924838272586
241,1699277142.3487048,460.3070070011863,826.6809233488514
242,1699277142.3840182,473.6777220351289,858.345807930245
243,1699277142.4170828,489.1952795080106,886.0525819389643
244,1699277142.4412277,503.864051387691,910.2960091965938
245,1699277142.4724963,518.8810449642297,931.5090080470195
246,1699277142.5016158,534.2027325255192,950.070382041142
247,1699277142.5436723,548.1546636871021,966.3115842859993
248,1699277142.5722628,563.0898761807598,980.5226362502494
249,1699277142.6114893,578.3400052945285,992.9573067189683
250,1699277142.6480646,589.5020500872579,1003.8376433790972
251,1699277142.6704984,603.0870210990779,1013.3579379567101
252,1699277142.7021902,613.3375070980569,1021.6881957121213
253,1699277142.7441041,622.8521368926181,1028.977171248106
254,1699277142.7798803,627.3592561446771,1031.49788198495
255,1699277142.8136342,625.8484400356833,1022.1320753082598
256,1699277142.8475182,618.526475940314,1003.8119944661559
257,1699277142.8706021,607.2106664477747,978.1390665864578
258,1699277142.9031413,591.3093331418029,947.9609689774363
259,1699277142.9384444,574.6683937718049,919.1444192838283
260,1699277142.9791343,556.2893900048748,892.0013668733498
261,1699277143.012381,535.8441253451745,863.4297674427524
262,1699277143.0481458,513.5908824043004,837.4653322266942
263,1699277143.0812805,490.3011130128539,812.8178799840716
264,1699277143.117684,468.28620115897434,788.3585021289198
265,1699277143.1516662,446.8413351050117,765.9922607913762
266,1699277143.1816454,430.25889548961254,749.7967996210257
267,1699277143.2027621,424.47653355341095,738.5186282398261
268,1699277143.2383897,424.3260577683254,725.2752282812763
269,1699277143.2774413,437.8307550927393,708.3836818889739
270,1699277143.3137214,462.7382743425105,687.817864509995
271,1699277143.348267,493.2596264133331,663.5549171605314
272,1699277143.3814802,525.4203549298484,642.3248382297508
273,1699277143.4031951,556.8337196545265,625.677090593889
274,1699277143.4454978,587.0476865158926,603.8781685553672
275,1699277143.4798608,614.0303620650425,577.5719689145177
276,1699277143.5133138,640.3674758978214,550.6969013716316
277,1699277143.5484235,662.8669959560482,522.3597887001777
278,1699277143.5806735,682.5540760069966,494.1898151126554
279,1699277143.603207,695.4166346879401,464.7196596521449
280,1699277143.6394584,700.6713735337657,442.30827362419825
281,1699277143.67393,700.9056336602268,424.1447394211735
282,1699277143.7036068,695.6560658163348,410.1802184220982
283,1699277143.7375884,686.699057589293,399.40769111933594
284,1699277143.769444,675.0434935724495,391.4281583008475
285,1699277143.8020835,663.2085114213478,385.41035279895584
286,1699277143.8385725,649.5801747664066,379.6626301276578
287,1699277143.8696973,637.655380193333,374.1512299331291
288,1699277143.9054782,622.3120940328029,369.32875476291656
289,1699277143.9479446,605.6139913696115,366.55551756040916
290,1699277143.9803371,591.5486060847738,365.57536357964375
291,1699277144.0118096,577.605030324177,365.19987170361685
292,1699277144.039186,564.3134924427459,364.8713163120933
293,1699277144.069625,554.8652149783118,367.9588303445102
294,1699277144.1052318,550.4161540151138,371.14254798001787
295,1699277144.1485205,550.8868620359517,378.26758662537276
296,1699277144.1832635,551.298731554185,387.8769954400583
297,1699277144.2042718,552.7500264735481,399.66022815290813
298,1699277144.2381063,557.8380913461729,411.41698534808035
299,1699277144.2796814,566.1083299279012,421.70414789385603
300,1699277144.3129072,576.6175159596407,436.49112940712405
301,1699277144.348309,591.8130537374129,453.2868810883764
302,1699277144.3840306,611.1091492929636,468.46530666661505
303,1699277144.4189928,634.538687449525,481.26428619043105
304,1699277144.4418893,661.5849878819708,492.46339327377
305,1699277144.47141,689.0686825785426,499.85189768597735
306,1699277144.5105898,718.026006347134,504.3882676180873
307,1699277144.5478354,747.7273010082877,504.98259130868354
308,1699277144.5831406,775.8977520186154,504.0561959665267
309,1699277144.6070576,802.7287148344703,501.79917147071086
310,1699277144.6378686,829.4785345710707,501.27070360830055
311,1699277144.6711266,855.6118995678687,498.39757994297725
312,1699277144.7054634,879.569503030976,494.4371681643908
313,1699277144.741089,901.0778606066494,488.56109357241337
314,1699277144.7798836,918.8067643944546,484.38381401871885
315,1699277144.8136435,935.9559188451478,483.1394086949504
316,1699277144.8430707,950.4159744440499,481.08626832236735
317,1699277144.870436,961.4321594567255,479.7719133535
318,1699277144.9126682,969.9804122519075,479.58613847002675
319,1699277144.946216,976.3692243567828,479.90572830413055
320,1699277144.9729984,979.7776167667304,480.6675122661142
321,1699277145.0116334,982.7599601254345,480.85193037570707
322,1699277145.0394342,981.5513287461189,481.4954390787437
323,1699277145.0706272,977.2210490164904,482.0585091939007
324,1699277145.1116924,969.6138724348837,479.65833840180596
325,1699277145.14861,957.5030474714323,478.04033181586595
326,1699277145.181316,939.8151665375033,474.696004624597
327,1699277145.2141497,912.88372526577,467.9125754750938
328,1699277145.2499955,878.9550777893669,457.63778925499275
329,1699277145.271155,837.8129657929687,441.8973513124044
330,1699277145.3055274,791.449981432484,422.33875382692526
331,1699277145.3479042,743.2460064806962,398.47498102713104
332,1699277145.381252,695.6129829433364,371.32632268445394
333,1699277145.4154184,646.8431782572375,347.0891037774686
334,1699277145.451031,603.0786900659919,323.4708229481422
335,1699277145.4738495,560.9665810804702,302.3226843653387
336,1699277145.5016072,521.391212990866,283.3359202482428
337,1699277145.5480845,486.7627659124623,265.75821593149817
338,1699277145.5830493,457.5537838097682,250.85986751148948
339,1699277145.6069672,432.54137901536546,237.82381264398188
340,1699277145.6485188,408.4737066384448,225.93512177776987
341,1699277145.6799903,387.9599478540938,215.0503744126915
342,1699277145.7035415,369.46495437233216,206.00836332539077
343,1699277145.7479699,354.9181987121542,199.06088933828835
344,1699277145.7814782,341.644332964044,192.017563885288
345,1699277145.805751,329.484245888993,183.9260826853413
346,1699277145.8378067,322.11689697105066,178.2924652068165
347,1699277145.8798664,315.1250121223966,172.88090705596443
348,1699277145.903725,307.37074924346075,168.14579367396888
349,1699277145.940974,300.5857692243917,162.07399803615135
350,1699277145.979709,295.194366253161,157.24331971020385
351,1699277146.014902,290.4768886533341,152.53433331785695
352,1699277146.048263,285.80364120803097,151.30682736741053
353,1699277146.081463,282.26000423884534,148.78633108934136
354,1699277146.1108932,276.4320491635351,146.09875398888798
355,1699277146.1480455,272.4234975635477,143.74712402599127
356,1699277146.182024,268.3705603681042,141.68944780845663
357,1699277146.2147703,263.7333312311821,140.3711239752567
358,1699277146.2384677,259.6757557363753,140.18187633549246
359,1699277146.2710521,254.48901354205577,139.5341417935559
360,1699277146.3120098,248.31425048566234,138.96737406936143
361,1699277146.3396244,241.82042372040905,135.5785951678341
362,1699277146.3814595,233.4110525735398,132.6134136289977
363,1699277146.415774,224.9619437291201,130.50102263965871
364,1699277146.4395504,216.4780643993438,129.13482338112993
365,1699277146.480221,210.6910336221531,129.38582760134582
366,1699277146.5158975,200.7182907830204,129.1233134368919
367,1699277146.53995,194.719413526052,130.82218497156612
368,1699277146.5751443,190.01585047165918,131.8265547072632
369,1699277146.6140366,186.99114188997464,132.70537822599815
370,1699277146.6442165,181.0717946082732,131.54577737631982
371,1699277146.6714609,177.52872937314805,132.94184091856556
372,1699277146.7031643,173.88309274695916,132.23482508945915
373,1699277146.7407005,171.7840697899528,133.0626148104196
374,1699277146.7732904,168.31106106620882,132.34050224483144
375,1699277146.813713,164.7267238874781,133.15508232137037
376,1699277146.847974,163.22679249245243,133.38569703119907
377,1699277146.8710308,161.36889797635035,134.55177061658492
378,1699277146.9112432,160.83414936567033,135.57208500379753
379,1699277146.9495518,158.1844261495071,136.9470029497514
380,1699277146.984863,159.13864560809134,139.59648472388963
381,1699277147.0141509,159.97358763435273,143.843352704832
382,1699277147.048242,166.15870736187685,154.79150504529943
383,1699277147.0745115,175.38886894164216,164.8532812003513
384,1699277147.1025686,187.2834421421187,182.3359067645931
385,1699277147.147357,205.32755732889927,206.79391841901895
386,1699277147.181286,224.3888853900596,234.46253575949873
387,1699277147.2158306,244.88572926175675,263.4940045038471
388,1699277147.24998,266.093194922219,297.57511108372336
389,1699277147.2831552,286.2860910114871,335.5925079125437
390,1699277147.3160055,305.59123872596024,376.0898729949043
391,1699277147.3502455,321.3923338852153,413.4536388705412
392,1699277147.378326,335.76374669501797,451.450505440295
393,1699277147.4135194,347.7932783581407,489.03704940311525
394,1699277147.4481323,356.68275492700946,524.3359896562972
395,1699277147.4826198,363.37013783386055,553.2939909492601
396,1699277147.511386,368.13068878644617,580.5608135091741
397,1699277147.5387428,371.2052617790496,603.9371403919558
398,1699277147.5797408,372.80460405666827,625.8378549858185
399,1699277147.6017659,372.56766491322105,646.9295516840198
400,1699277147.6420798,372.9057977081593,667.3133577235174
401,1699277147.6702676,373.2016639037304,684.6670451509349
402,1699277147.7025728,372.36963773394586,699.3693787927823
403,1699277147.7422836,369.4597966535662,713.6803493008274
404,1699277147.780977,365.82277661732496,725.720305638224
405,1699277147.8038418,360.4585659037957,739.630267433446
406,1699277147.8461459,356.31033607491213,751.3193411471224
407,1699277147.869713,351.5897258837299,763.9579949323036
408,1699277147.9050548,346.91373742099086,777.9096741371942
409,1699277147.9481392,341.1858838797307,796.3852505843306
410,1699277147.9814596,336.7194665765826,812.0692371184322
411,1699277148.0095057,332.26589689087336,827.2391539071996
412,1699277148.0409405,326.7326597795143,840.5128310973711
413,1699277148.0695145,320.25471367071145,850.6808700673425
414,1699277148.1051064,314.04105628005436,858.6136184517818
415,1699277148.1479228,307.5131969723202,864.5904875738805
416,1699277148.1814675,301.25586553259836,870.7845337700026
417,1699277148.2147164,296.87160961375093,877.1686099058951
418,1699277148.2382085,291.39902204839564,882.2725336676582
419,1699277148.2785308,286.0650533832552,886.2563241020581
420,1699277148.3123882,282.48873989216645,890.2242835893009
421,1699277148.3478944,280.9958292238275,892.7319624263525
422,1699277148.3808353,282.41680511630375,896.3726099802013
423,1699277148.4136496,291.8419772040386,900.5224623041047
424,1699277148.4377348,309.90718459898835,903.6714402303774
425,1699277148.4718425,337.1687865241147,906.9089387730088
426,1699277148.5122833,369.2045063904186,906.3667499978112
427,1699277148.5491185,405.96303400070724,908.3030491052277
428,1699277148.5838091,451.21765475061875,909.0330251099314
429,1699277148.6161857,504.45181154315515,909.6717541140471
430,1699277148.6378937,561.3953351002608,909.7484991355054
431,1699277148.6714046,623.2209182127283,906.4406510292815
432,1699277148.7058566,684.9546670725008,901.1355696506214
433,1699277148.737464,745.5171518702564,895.529337730008
434,1699277148.7802436,805.6002351592017,890.1417419423285
435,1699277148.8133814,869.0820239461198,883.0168813423945
436,1699277148.8460557,932.8104073164911,876.7826283174523
437,1699277148.8721426,995.6636518564752,867.952656920628
438,1699277148.9120133,1058.296604465325,858.780003376978
439,1699277148.9450612,1119.1004379980684,854.6110743834272
440,1699277148.971056,1175.5765196119462,850.9632615140703
441,1699277149.0107918,1226.629454660453,854.0392823962401
442,1699277149.0482075,1269.1189546460782,860.1058006681386
443,1699277149.0711713,1311.7518125880456,867.8247184417642
444,1699277149.110758,1349.6010178327217,875.5430572079722
445,1699277149.149363,1383.264526967268,884.2251750569757
446,1699277149.17292,1418.1746429145412,891.3398853177108
447,1699277149.2035563,1448.175539822951,900.4581139387112
448,1699277149.247993,1474.4263246178093,908.9187068392295
449,1699277149.2725723,1496.3048522224012,918.2502970557543
450,1699277149.3019197,1514.9031093309648,924.969009923785
451,1699277149.3479624,1531.1765843009578,930.8478836833119
452,1699277149.380699,1544.3249658087925,935.0276125086123
453,1699277149.4147928,1553.1025269008753,942.5420180878929
454,1699277149.438835,1557.5101655837204,951.0456943983348
455,1699277149.4801748,1557.0032130675736,961.8614111699716
456,1699277149.514376,1546.7414477977632,973.2537347737251
457,1699277149.5476887,1536.1260395503155,979.8470179270095
458,1699277149.578504,1517.019375515617,986.580426400419
459,1699277149.6028342,1495.391953576165,993.918587386081
460,1699277149.6479633,1468.8315957427808,998.4109068199637
461,1699277149.6831868,1435.227646274933,1003.3059720388968
462,1699277149.7083232,1396.5514632178392,1005.6605826768919
463,1699277149.7381885,1347.9825303156094,1005.3101526994233
464,1699277149.7698872,1293.4847140261581,1005.0035264691383
465,1699277149.8020113,1237.6173065910702,1002.8066570890674
466,1699277149.8461027,1181.6424159944593,1003.2951106672197
467,1699277149.8798766,1128.3007503587883,1004.2046504052457
468,1699277149.9160225,1076.7177020184852,1005.9647833903043
469,1699277149.9503107,1028.8552619934471,1006.058471180802
470,1699277149.9859312,985.88471788063,1007.1047337117732
471,1699277150.018423,945.5582190546422,1011.395213426373
472,1699277150.0520298,910.8179871273574,1012.2565260337906
473,1699277150.0858362,880.4202841909832,1011.0816031367096
474,1699277150.11961,854.3677486671104,1008.6071170303352
475,1699277150.1529863,832.6626891746307,1005.4776559729719
476,1699277150.1854503,813.1253075732564,1002.2572346906361
477,1699277150.2160416,797.121007762963,992.6893660685923
478,1699277150.2378838,784.2081545198653,987.2103381671611
479,1699277150.2751536,775.0912261139731,978.0769030391232
480,1699277150.3119857,769.84118648609,969.603004444947
481,1699277150.3416297,767.4292199935105,961.7062003179001
482,1699277150.3796399,770.773294767049,953.3500681353055
483,1699277150.4159305,775.3357238302588,949.895595332678
484,1699277150.4396706,782.6005765332945,943.497931630379
485,1699277150.4805841,792.7755044666328,939.3464044622958
486,1699277150.518726,801.6785664083036,938.1245324759374
487,1699277150.5523062,810.0142001527202,936.573251630731
488,1699277150.5875702,818.3987887699939,936.1801666054611
489,1699277150.6217134,826.8262129010175,937.2826457797785
490,1699277150.6417966,834.7456635611175,938.7294579144491
491,1699277150.6699913,841.675182888705,940.9597042465715
492,1699277150.7054012,848.2839668457987,942.9111697871787
493,1699277150.7409606,856.7939255355284,944.6187021352099
494,1699277150.7732089,864.7855939344963,946.1127929397372
495,1699277150.8120687,873.9601219654116,946.9379795365558
496,1699277150.8484876,881.4423794470079,947.660017808772
497,1699277150.8704088,890.1711729252229,946.8453727255326
498,1699277150.9018538,897.8088672186609,946.614701134841
499,1699277150.9380019,907.219122452692,943.0378634929858
500,1699277150.9696639,914.36218669156,939.4259876992197
501,1699277151.0112069,922.7941860823878,935.7834535225315
502,1699277151.0413473,931.2630946402711,930.185521832215
503,1699277151.0698178,938.1279350829645,926.2516173174739
504,1699277151.1116278,946.861943197594,920.3987365813612
505,1699277151.1485524,955.5951093888038,914.3131802229767
506,1699277151.1725204,964.3275388970216,908.9883184093903
507,1699277151.2018092,974.6956874439848,904.8112071796451
508,1699277151.2391622,984.8587265134867,902.1205205679037
509,1699277151.2697754,995.933203881119,897.8375983540586
510,1699277151.3055518,1007.259735214161,893.6078985598012
511,1699277151.3481266,1018.8068137669363,891.3533398112546
512,1699277151.3787785,1029.4559620460693,888.4163151919906
513,1699277151.4067488,1038.2285122448561,885.8464186501346
514,1699277151.4481702,1046.9954027597037,882.633473461725
515,1699277151.4776163,1054.6664319601953,883.1971464218665
516,1699277151.5019035,1063.0149461469891,879.3510745477046
517,1699277151.5431223,1068.1380778786154,875.9857616578129
518,1699277151.5793333,1074.2571817801522,871.5946843077292
519,1699277151.6036777,1080.1568522394514,870.1632059121201
520,1699277151.6380827,1084.7736093458834,866.9820908873909
521,1699277151.6786602,1088.2678172685573,864.1986152407527
522,1699277151.7024844,1092.9616128372604,861.7630740499443
523,1699277151.7393818,1095.9777748689664,860.1141183651298
524,1699277151.7701716,1098.0714621012548,857.7069964266315
525,1699277151.802481,1100.994347520416,857.0471933018739
526,1699277151.847996,1101.9155086258188,855.9877227105683
527,1699277151.8821135,1102.1760700475913,856.0249716574615
528,1699277151.9019341,1101.858606746188,853.6468502002788
529,1699277151.9384222,1100.4899172665507,852.0481367823868
530,1699277151.978128,1102.5650412445955,850.1671196845884
531,1699277152.0061572,1102.1989565435665,848.039086866872
532,1699277152.0443075,1101.8786324301661,848.1056295799416
533,1699277152.0802875,1099.9619851945772,845.2709973110203
534,1699277152.1104386,1098.2849188634368,844.7192655042857
535,1699277152.1483169,1096.8174858236891,844.2365001733929
536,1699277152.1824915,1094.9880273684553,844.2962233660045
537,1699277152.2138357,1093.3872512201256,842.902052588111
538,1699277152.2380273,1092.5320266357917,843.6107245860258
539,1699277152.2731323,1091.7837051244996,842.7843840127725
540,1699277152.3124874,1089.4925601657553,843.5077645826045
541,1699277152.338942,1088.0332628723086,844.1407225812076
542,1699277152.3807106,1087.847286831452,842.2838465442709
543,1699277152.4187605,1084.9572850684294,842.1055085833799
544,1699277152.4397945,1081.8830789803305,841.9494628676002
545,1699277152.4705207,1077.55678501688,844.2236371520073
546,1699277152.510309,1074.3167323443154,844.2849682222922
547,1699277152.5382235,1069.2998680740034,844.3386329087914
548,1699277152.5745347,1063.8192027465711,844.867732366621
549,1699277152.6124086,1059.0236205850679,842.9199801065076
550,1699277152.6395843,1053.7365771028435,845.0728397360513
551,1699277152.6699736,1048.019504964988,844.0637347690449
552,1699277152.7046173,1044.1079759352738,843.6629107800571
553,1699277152.7486522,1039.5944789433645,842.83004693255
554,1699277152.782395,1037.2815327118076,841.1370053516955
555,1699277152.8170178,1035.2577047591953,839.6555939684479
556,1699277152.8481426,1032.3959462097505,834.5022161509634
557,1699277152.871104,1030.4373620244405,829.0287248463786
558,1699277152.912051,1030.905419044113,822.3108485262956
559,1699277152.9487908,1030.2240598454168,814.9862781747943
560,1699277152.9841316,1029.0824160011034,806.1665648315164
561,1699277153.0146694,1030.810750364602,795.0743156561483
562,1699277153.0481846,1032.3230429326632,785.8507404848441
563,1699277153.0713859,1035.28266256608,774.8872550670957
564,1699277153.1026373,1038.4177842907748,762.8834910408516
565,1699277153.1478631,1041.706470345337,749.9694832321737
566,1699277153.1805503,1046.2204342794425,736.7411549710091
567,1699277153.215291,1050.7156072672396,726.6127963139187
568,1699277153.2505057,1055.739792722471,713.8933396318217
569,1699277153.2739878,1061.772318632162,700.8352436064155
570,1699277153.3019073,1068.1416878940508,690.8558381556136
571,1699277153.3408985,1077.5330678163855,681.641715529019
572,1699277153.3750486,1085.7505252484282,672.6150725164631
573,1699277153.4103706,1096.7589823196474,663.2703313090481
574,1699277153.439525,1109.1186549842369,656.0579684668456
575,1699277153.476892,1124.2970049293892,647.3364366942042
576,1699277153.5040374,1140.30533385867,635.8479535360001
577,1699277153.5480907,1158.1308034899728,623.3848164868572
578,1699277153.5815096,1179.182634871908,608.1402858545714
579,1699277153.6131814,1199.7848055129195,594.3191786941785
580,1699277153.6653166,1221.6298866419866,580.7792813574061
581,1699277153.7138612,1244.5625144481019,567.9675854734446
582,1699277153.75508,1267.90129105118,555.7930658606926
583,1699277153.8004208,1291.5954478516005,542.7296469138204
584,1699277153.8497016,1316.1460168701506,529.8527267638785
585,1699277153.9043543,1338.718673852291,517.1389930612509
586,1699277153.949663,1362.8333850753,503.60376178573733
587,1699277153.9868517,1383.9337573954328,492.2425772768059
588,1699277154.012014,1406.7602195391855,481.33725511720513
589,1699277154.031051,1427.8242830058782,472.7593839418402
590,1699277154.0487552,1450.0735203574163,467.6644609491102
591,1699277154.0663216,1476.632512130921,462.24211761618574
592,1699277154.0946028,1506.9625390236467,452.67613862844826
593,1699277154.1312642,1538.9558580093274,440.4487641570351
594,1699277154.1531758,1569.6772848490705,435.05338292312
595,1699277154.1824005,1602.5585333338458,426.47528148630147
596,1699277154.2130442,1633.5114439398424,416.5587284433709
597,1699277154.2427022,1664.413422538271,408.8460302450924
598,1699277154.2698843,1696.3617447209872,397.27599075017014
599,1699277154.312549,1724.3165266308638,387.634349049256
600,1699277154.3461213,1748.7769608020058,374.8586268466704
601,1699277154.372493,1770.1798407017552,363.679869919408
602,1699277154.4128358,1788.9073606140357,352.4520290366249
603,1699277154.447917,1805.2939405372813,343.1098111213325
604,1699277154.4709995,1819.0867434246666,338.31037044545167
605,1699277154.5110123,1828.9736277693105,334.11085985405595
606,1699277154.5492177,1833.2610152072375,327.5434309437275
607,1699277154.583414,1833.194297397242,322.279073504333
608,1699277154.6173785,1830.408646586223,318.6370464591485
609,1699277154.6497674,1820.3348384902179,314.96812993746926
610,1699277154.6704068,1808.7929836789408,313.20425655242843
611,1699277154.7058182,1793.2393152645277,313.1072959119463
612,1699277154.738011,1773.0844008564618,314.9510267800959
613,1699277154.7700372,1751.0852143857676,315.11786271829817
614,1699277154.8043985,1726.9268353148195,316.71027273565375
615,1699277154.848575,1700.8791627186488,316.6572029294113
616,1699277154.8733356,1672.0874491969996,318.53933827752064
617,1699277154.9059646,1644.1674271382838,318.25763527854485
618,1699277154.948301,1613.1919532914528,319.4575737258696
619,1699277154.9836197,1579.5429591300212,320.0253770101359
620,1699277155.013334,1544.645543784223,322.9329191695832
621,1699277155.0402067,1509.7466689930134,327.88773284481385
622,1699277155.0770442,1474.301062641614,330.7767662392121
623,1699277155.111904,1439.4679752659576,335.23324188788206
624,1699277155.1498091,1404.625387448622,340.5790866518968
625,1699277155.1812568,1369.2290321993623,346.2209865346954
626,1699277155.203117,1332.8026759017148,351.1576489321442
627,1699277155.241124,1298.747795959455,353.0665142441976
628,1699277155.280694,1263.4952305554323,356.1831999636729
629,1699277155.3052034,1228.285599463276,359.8745856824995
630,1699277155.346986,1192.0226268030938,364.55097675790137
631,1699277155.3828871,1156.4743439072527,372.01781894887796
632,1699277155.4094179,1122.0968691006642,381.9263058659825
633,1699277155.4386644,1087.652942281263,392.5248033470204
634,1699277155.4791865,1055.3326881324688,407.58420292864287
635,1699277155.5057585,1027.5979202977283,420.7611775625625
636,1699277155.543446,1002.2390893514214,437.5946017958136
637,1699277155.58482,980.0501122734029,451.8417051427655
638,1699277155.618849,961.1802118755911,467.68292057134835
639,1699277155.651476,945.2145035729604,483.9546983570727
640,1699277155.6843677,932.3354178990677,499.63893249101005
641,1699277155.7099476,924.3389452071387,513.8447802153481
642,1699277155.738261,918.9783952380646,523.3820398312868
643,1699277155.7803001,917.560641287852,534.1378562809473
644,1699277155.8151343,917.9564702177796,540.1741956744003
645,1699277155.8403332,921.030093258739,545.9381355008145
646,1699277155.8801465,925.9013316013967,551.4637257060698
647,1699277155.9171648,932.8909378784948,559.6736171356682
648,1699277155.9391918,943.3704797345921,567.3394149937097
649,1699277155.9760878,954.7218970404954,578.8684166909246
650,1699277156.0126739,970.1089326377062,589.9205788902733
651,1699277156.039177,988.4816796943566,600.5555065289891
652,1699277156.0704494,1008.921469732562,612.7539253557226
653,1699277156.111687,1028.98810419781,627.2846846862573
654,1699277156.1484985,1049.8191366276292,648.6776705290465
655,1699277156.181005,1069.6826536400845,670.2893902843442
656,1699277156.2141423,1087.6086855714377,690.1639307845155
657,1699277156.2460659,1104.9303271477352,709.9648680078797
658,1699277156.270278,1132.0867635269956,734.0406880783232
659,1699277156.3054414,1170.5759180861212,756.0713163542471
660,1699277156.3487267,1229.3448374162651,775.3481160956804
661,1699277156.3843226,1310.7676418301412,791.251030155149
662,1699277156.4185734,1386.9216866013735,812.3982228143268
663,1699277156.451948,1453.5564757762018,843.4377306768217
664,1699277156.4711285,1511.8619163041767,873.008014342219
665,1699277156.502126,1562.8791767661546,898.8820125494416
666,1699277156.5475564,1607.5192796703852,921.5217609807614
667,1699277156.5809505,1646.579369711587,941.3315408581662
668,1699277156.6158092,1680.7569484976386,958.1829553937526
669,1699277156.648251,1710.6623299354337,971.4815145409622
670,1699277156.6715028,1736.8295386935047,985.0463252233419
671,1699277156.7033985,1759.7258463568164,996.9155345704241
672,1699277156.7431035,1779.7601155622144,1007.3010927491212
673,1699277156.7805014,1797.2901011169376,1016.388456155481
674,1699277156.815968,1812.6288384773204,1024.339899136046
675,1699277156.8509853,1826.0502336676554,1031.2974117440401
676,1699277156.8858926,1837.7939544591984,1034.492378133178
677,1699277156.9198453,1848.0697101517987,1040.1808308665306
678,1699277156.9541514,1857.0609963828238,1042.2653698653571
679,1699277156.9821255,1864.928371834971,1041.1964843464732
680,1699277157.003162,1871.8123253555996,1038.814780946021
